name;TCC;LCC
org.apache.commons.collections4.Get;0.0;0.0
org.apache.commons.collections4.Closure;0.0;0.0
org.apache.commons.collections4.trie.PatriciaTrie;0.0;0.0
org.apache.commons.collections4.trie.AbstractBitwiseTrie;0.4166666666666667;0.4166666666666667
org.apache.commons.collections4.trie.AbstractBitwiseTrie.BasicEntry;0.6190476190476191;0.7142857142857143
org.apache.commons.collections4.trie.UnmodifiableTrie;0.6461538461538461;0.6461538461538461
org.apache.commons.collections4.trie.analyzer.StringKeyAnalyzer;0.6666666666666666;0.6666666666666666
org.apache.commons.collections4.trie.KeyAnalyzer;0.0;0.0
org.apache.commons.collections4.trie.AbstractPatriciaTrie;0.12925170068027209;0.1964285714285714
org.apache.commons.collections4.trie.AbstractPatriciaTrie.AbstractRangeMap;0.0;0.0
org.apache.commons.collections4.trie.AbstractPatriciaTrie.AbstractTrieIterator;0.3333333333333333;0.5
org.apache.commons.collections4.trie.AbstractPatriciaTrie.EntrySet;0.0;0.0
org.apache.commons.collections4.trie.AbstractPatriciaTrie.EntrySet.EntryIterator;0.0;0.0
org.apache.commons.collections4.trie.AbstractPatriciaTrie.KeySet;0.0;0.0
org.apache.commons.collections4.trie.AbstractPatriciaTrie.KeySet.KeyIterator;0.0;0.0
org.apache.commons.collections4.trie.AbstractPatriciaTrie.PrefixRangeEntrySet;1.0;1.0
org.apache.commons.collections4.trie.AbstractPatriciaTrie.PrefixRangeEntrySet.EntryIterator;0.6666666666666666;1.0
org.apache.commons.collections4.trie.AbstractPatriciaTrie.PrefixRangeEntrySet.SingletonIterator;1.0;1.0
org.apache.commons.collections4.trie.AbstractPatriciaTrie.PrefixRangeMap;0.23076923076923078;0.3956043956043956
org.apache.commons.collections4.trie.AbstractPatriciaTrie.RangeEntryMap;0.4642857142857143;0.75
org.apache.commons.collections4.trie.AbstractPatriciaTrie.RangeEntrySet;0.3;0.3
org.apache.commons.collections4.trie.AbstractPatriciaTrie.RangeEntrySet.EntryIterator;1.0;1.0
org.apache.commons.collections4.trie.AbstractPatriciaTrie.Reference;1.0;1.0
org.apache.commons.collections4.trie.AbstractPatriciaTrie.TrieEntry;0.16666666666666666;0.16666666666666666
org.apache.commons.collections4.trie.AbstractPatriciaTrie.TrieMapIterator;0.10714285714285714;0.10714285714285714
org.apache.commons.collections4.trie.AbstractPatriciaTrie.Values;0.0;0.0
org.apache.commons.collections4.trie.AbstractPatriciaTrie.Values.ValueIterator;0.0;0.0
org.apache.commons.collections4.list.AbstractListDecorator;0.0;0.0
org.apache.commons.collections4.list.UnmodifiableList;0.0;0.0
org.apache.commons.collections4.list.LazyList;0.5;0.5
org.apache.commons.collections4.list.NodeCachingLinkedList;0.3090909090909091;0.38181818181818183
org.apache.commons.collections4.list.GrowthList;0.0;0.0
org.apache.commons.collections4.list.TransformedList;0.0;0.0
org.apache.commons.collections4.list.TransformedList.TransformedListIterator;0.0;0.0
org.apache.commons.collections4.list.FixedSizeList;0.0;0.0
org.apache.commons.collections4.list.FixedSizeList.FixedSizeListIterator;0.0;0.0
org.apache.commons.collections4.list.TreeList;0.41025641025641024;0.46153846153846156
org.apache.commons.collections4.list.TreeList.AVLNode;0.4298850574712642;0.636781609195402
org.apache.commons.collections4.list.TreeList.TreeListIterator;0.6666666666666666;0.8
org.apache.commons.collections4.list.CursorableLinkedList;0.125;0.125
org.apache.commons.collections4.list.CursorableLinkedList.Cursor;0.17857142857142858;0.25
org.apache.commons.collections4.list.CursorableLinkedList.SubCursor;0.6;0.6
org.apache.commons.collections4.list.AbstractLinkedList;0.12543554006968644;0.17770034843205576
org.apache.commons.collections4.list.AbstractLinkedList.LinkedListIterator;0.4909090909090909;0.6545454545454545
org.apache.commons.collections4.list.AbstractLinkedList.LinkedSubList;0.7424242424242424;0.8333333333333334
org.apache.commons.collections4.list.AbstractLinkedList.LinkedSubListIterator;0.6;0.6
org.apache.commons.collections4.list.AbstractLinkedList.Node;0.2;0.2
org.apache.commons.collections4.list.AbstractLinkedListForJava21;0.12543554006968644;0.17770034843205576
org.apache.commons.collections4.list.AbstractLinkedListForJava21.LinkedListIterator;0.4909090909090909;0.6545454545454545
org.apache.commons.collections4.list.AbstractLinkedListForJava21.LinkedSubList;0.7424242424242424;0.8333333333333334
org.apache.commons.collections4.list.AbstractLinkedListForJava21.LinkedSubListIterator;0.6;0.6
org.apache.commons.collections4.list.AbstractLinkedListForJava21.Node;0.2;0.2
org.apache.commons.collections4.list.PredicatedList;0.0;0.0
org.apache.commons.collections4.list.PredicatedList.PredicatedListIterator;0.0;0.0
org.apache.commons.collections4.list.SetUniqueList;0.7583333333333333;0.7583333333333333
org.apache.commons.collections4.list.SetUniqueList.SetListIterator;1.0;1.0
org.apache.commons.collections4.list.SetUniqueList.SetListListIterator;0.4;0.6
org.apache.commons.collections4.list.AbstractSerializableListDecorator;0.0;0.0
org.apache.commons.collections4.MapUtils;0.0;0.0
org.apache.commons.collections4.ResettableListIterator;0.0;0.0
org.apache.commons.collections4.bloomfilter.SetOperations;0.0;0.0
org.apache.commons.collections4.bloomfilter.IndexExtractor;0.0;0.0
org.apache.commons.collections4.bloomfilter.EnhancedDoubleHasher;0.3333333333333333;0.5
org.apache.commons.collections4.bloomfilter.Shape;0.6;0.631578947368421
org.apache.commons.collections4.bloomfilter.BloomFilterExtractor;0.0;0.0
org.apache.commons.collections4.bloomfilter.CountingBloomFilter;0.0;0.0
org.apache.commons.collections4.bloomfilter.Hasher;0.0;0.0
org.apache.commons.collections4.bloomfilter.IndexFilter;1.0;1.0
org.apache.commons.collections4.bloomfilter.IndexFilter.ArrayTracker;0.0;0.0
org.apache.commons.collections4.bloomfilter.IndexFilter.BitMapTracker;0.0;0.0
org.apache.commons.collections4.bloomfilter.LongBiPredicate;0.0;0.0
org.apache.commons.collections4.bloomfilter.BloomFilter;0.01282051282051282;0.01282051282051282
org.apache.commons.collections4.bloomfilter.SimpleBloomFilter;0.3181818181818182;0.5454545454545454
org.apache.commons.collections4.bloomfilter.SparseBloomFilter;0.4696969696969697;0.5454545454545454
org.apache.commons.collections4.bloomfilter.IndexUtils;0.0;0.0
org.apache.commons.collections4.bloomfilter.ArrayCountingBloomFilter;0.44761904761904764;0.5238095238095238
org.apache.commons.collections4.bloomfilter.CellExtractor;0.0;0.0
org.apache.commons.collections4.bloomfilter.CellExtractor.CellPredicate;0.0;0.0
org.apache.commons.collections4.bloomfilter.WrappedBloomFilter;1.0;1.0
org.apache.commons.collections4.bloomfilter.BitMapExtractor;0.0;0.0
org.apache.commons.collections4.bloomfilter.BitMaps;0.06666666666666667;0.06666666666666667
org.apache.commons.collections4.bloomfilter.CountingLongPredicate;1.0;1.0
org.apache.commons.collections4.bloomfilter.LayeredBloomFilter;0.2;0.3473684210526316
org.apache.commons.collections4.bloomfilter.LayeredBloomFilter.Finder;1.0;1.0
org.apache.commons.collections4.bloomfilter.LayerManager;0.696969696969697;0.8333333333333334
org.apache.commons.collections4.bloomfilter.LayerManager.Builder;0.5;1.0
org.apache.commons.collections4.bloomfilter.LayerManager.Cleanup;0.0;0.0
org.apache.commons.collections4.bloomfilter.LayerManager.ExtendCheck;0.0;0.0
org.apache.commons.collections4.bloomfilter.CountingPredicate;1.0;1.0
org.apache.commons.collections4.Equator;0.0;0.0
org.apache.commons.collections4.IterableGet;0.0;0.0
org.apache.commons.collections4.keyvalue.AbstractKeyValue;0.2;0.2
org.apache.commons.collections4.keyvalue.AbstractMapEntry;0.0;0.0
org.apache.commons.collections4.keyvalue.TiedMapEntry;0.4;0.4
org.apache.commons.collections4.keyvalue.MultiKey;0.4;0.509090909090909
org.apache.commons.collections4.keyvalue.UnmodifiableMapEntry;0.0;0.0
org.apache.commons.collections4.keyvalue.DefaultMapEntry;0.0;0.0
org.apache.commons.collections4.keyvalue.AbstractMapEntryDecorator;1.0;1.0
org.apache.commons.collections4.keyvalue.DefaultKeyValue;0.0;0.0
org.apache.commons.collections4.IteratorUtils;0.0;0.0
org.apache.commons.collections4.QueueUtils;0.0;0.0
org.apache.commons.collections4.PredicateUtils;0.0;0.0
org.apache.commons.collections4.TrieUtils;0.0;0.0
org.apache.commons.collections4.Predicate;0.0;0.0
org.apache.commons.collections4.ComparatorUtils;0.4166666666666667;0.4166666666666667
org.apache.commons.collections4.MultiValuedMap;0.0;0.0
org.apache.commons.collections4.Unmodifiable;0.0;0.0
org.apache.commons.collections4.BoundedCollection;0.0;0.0
org.apache.commons.collections4.ResettableIterator;0.0;0.0
org.apache.commons.collections4.Transformer;0.0;0.0
org.apache.commons.collections4.map.AbstractReferenceMap;0.031339031339031334;0.03703703703703703
org.apache.commons.collections4.map.AbstractReferenceMap.ReferenceBaseIterator;0.6;1.0
org.apache.commons.collections4.map.AbstractReferenceMap.ReferenceEntry;0.4666666666666667;0.4666666666666667
org.apache.commons.collections4.map.AbstractReferenceMap.ReferenceEntrySet;0.0;0.0
org.apache.commons.collections4.map.AbstractReferenceMap.ReferenceEntrySetIterator;0.0;0.0
org.apache.commons.collections4.map.AbstractReferenceMap.ReferenceKeySet;0.0;0.0
org.apache.commons.collections4.map.AbstractReferenceMap.ReferenceKeySetIterator;0.0;0.0
org.apache.commons.collections4.map.AbstractReferenceMap.ReferenceMapIterator;0.0;0.0
org.apache.commons.collections4.map.AbstractReferenceMap.ReferenceStrength;0.0;0.0
org.apache.commons.collections4.map.AbstractReferenceMap.ReferenceValues;0.0;0.0
org.apache.commons.collections4.map.AbstractReferenceMap.ReferenceValuesIterator;0.0;0.0
org.apache.commons.collections4.map.AbstractReferenceMap.SoftRef;1.0;1.0
org.apache.commons.collections4.map.AbstractReferenceMap.WeakRef;1.0;1.0
org.apache.commons.collections4.map.EntrySetToMapIteratorAdapter;0.2857142857142857;0.35714285714285715
org.apache.commons.collections4.map.UnmodifiableMap;0.0;0.0
org.apache.commons.collections4.map.UnmodifiableOrderedMap;0.0;0.0
org.apache.commons.collections4.map.TransformedSortedMap;0.0;0.0
org.apache.commons.collections4.map.AbstractLinkedMap;0.2647058823529412;0.2647058823529412
org.apache.commons.collections4.map.AbstractLinkedMap.EntrySetIterator;0.0;0.0
org.apache.commons.collections4.map.AbstractLinkedMap.KeySetIterator;0.0;0.0
org.apache.commons.collections4.map.AbstractLinkedMap.LinkEntry;0.0;0.0
org.apache.commons.collections4.map.AbstractLinkedMap.LinkIterator;0.8571428571428571;1.0
org.apache.commons.collections4.map.AbstractLinkedMap.LinkMapIterator;0.0;0.0
org.apache.commons.collections4.map.AbstractLinkedMap.ValuesIterator;0.0;0.0
org.apache.commons.collections4.map.ReferenceIdentityMap;0.0;0.0
org.apache.commons.collections4.map.FixedSizeSortedMap;0.0;0.0
org.apache.commons.collections4.map.UnmodifiableSortedMap;0.0;0.0
org.apache.commons.collections4.map.DefaultedMap;0.0;0.0
org.apache.commons.collections4.map.LazySortedMap;0.0;0.0
org.apache.commons.collections4.map.MultiValueMap;0.009523809523809525;0.009523809523809525
org.apache.commons.collections4.map.MultiValueMap.ReflectionFactory;1.0;1.0
org.apache.commons.collections4.map.MultiValueMap.Values;0.0;0.0
org.apache.commons.collections4.map.MultiValueMap.ValuesIterator;1.0;1.0
org.apache.commons.collections4.map.CompositeMap;0.7058823529411765;0.7720588235294118
org.apache.commons.collections4.map.CompositeMap.MapMutator;0.0;0.0
org.apache.commons.collections4.map.PassiveExpiringMap;0.05847953216374269;0.05847953216374269
org.apache.commons.collections4.map.PassiveExpiringMap.ConstantTimeToLiveExpirationPolicy;0.0;0.0
org.apache.commons.collections4.map.PassiveExpiringMap.ExpirationPolicy;0.0;0.0
org.apache.commons.collections4.map.PredicatedMap;0.21428571428571427;0.21428571428571427
org.apache.commons.collections4.map.AbstractIterableMap;0.0;0.0
org.apache.commons.collections4.map.StaticBucketMap;0.375;0.375
org.apache.commons.collections4.map.StaticBucketMap.BaseIterator;0.6666666666666666;1.0
org.apache.commons.collections4.map.StaticBucketMap.EntryIterator;0.0;0.0
org.apache.commons.collections4.map.StaticBucketMap.EntrySet;0.0;0.0
org.apache.commons.collections4.map.StaticBucketMap.KeyIterator;0.0;0.0
org.apache.commons.collections4.map.StaticBucketMap.KeySet;0.0;0.0
org.apache.commons.collections4.map.StaticBucketMap.Lock;0.0;0.0
org.apache.commons.collections4.map.StaticBucketMap.Node;0.8;1.0
org.apache.commons.collections4.map.StaticBucketMap.ValueIterator;0.0;0.0
org.apache.commons.collections4.map.StaticBucketMap.Values;0.0;0.0
org.apache.commons.collections4.map.CaseInsensitiveMap;0.0;0.0
org.apache.commons.collections4.map.LinkedMap;0.0;0.0
org.apache.commons.collections4.map.LinkedMap.LinkedMapList;0.26666666666666666;0.26666666666666666
org.apache.commons.collections4.map.FixedSizeMap;0.0;0.0
org.apache.commons.collections4.map.AbstractSortedMapDecorator;0.0;0.0
org.apache.commons.collections4.map.AbstractSortedMapDecorator.SortedMapIterator;0.0;0.0
org.apache.commons.collections4.map.ListOrderedMap;0.35968379446640314;0.35968379446640314
org.apache.commons.collections4.map.ListOrderedMap.EntrySetView;0.2727272727272727;0.2727272727272727
org.apache.commons.collections4.map.ListOrderedMap.KeySetView;1.0;1.0
org.apache.commons.collections4.map.ListOrderedMap.ListOrderedIterator;1.0;1.0
org.apache.commons.collections4.map.ListOrderedMap.ListOrderedMapEntry;1.0;1.0
org.apache.commons.collections4.map.ListOrderedMap.ListOrderedMapIterator;0.8222222222222222;1.0
org.apache.commons.collections4.map.ListOrderedMap.ValuesView;1.0;1.0
org.apache.commons.collections4.map.HashedMap;0.0;0.0
org.apache.commons.collections4.map.PredicatedSortedMap;0.0;0.0
org.apache.commons.collections4.map.AbstractOrderedMapDecorator;0.0;0.0
org.apache.commons.collections4.map.ReferenceMap;0.0;0.0
org.apache.commons.collections4.map.AbstractHashedMap;0.16262626262626262;0.23333333333333334
org.apache.commons.collections4.map.AbstractHashedMap.EntrySet;1.0;1.0
org.apache.commons.collections4.map.AbstractHashedMap.EntrySetIterator;0.0;0.0
org.apache.commons.collections4.map.AbstractHashedMap.HashEntry;0.06666666666666667;0.06666666666666667
org.apache.commons.collections4.map.AbstractHashedMap.HashIterator;0.7;1.0
org.apache.commons.collections4.map.AbstractHashedMap.HashMapIterator;0.0;0.0
org.apache.commons.collections4.map.AbstractHashedMap.KeySet;1.0;1.0
org.apache.commons.collections4.map.AbstractHashedMap.KeySetIterator;0.0;0.0
org.apache.commons.collections4.map.AbstractHashedMap.Values;1.0;1.0
org.apache.commons.collections4.map.AbstractHashedMap.ValuesIterator;0.0;0.0
org.apache.commons.collections4.map.LRUMap;0.17582417582417584;0.23076923076923078
org.apache.commons.collections4.map.LazyMap;0.16666666666666666;0.16666666666666666
org.apache.commons.collections4.map.TransformedMap;0.21818181818181817;0.2727272727272727
org.apache.commons.collections4.map.UnmodifiableEntrySet;0.0;0.0
org.apache.commons.collections4.map.UnmodifiableEntrySet.UnmodifiableEntry;0.0;0.0
org.apache.commons.collections4.map.UnmodifiableEntrySet.UnmodifiableEntrySetIterator;0.0;0.0
org.apache.commons.collections4.map.Flat3Map;0.7380952380952381;0.6476190476190476
org.apache.commons.collections4.map.Flat3Map.EntryIterator;1.0;1.0
org.apache.commons.collections4.map.Flat3Map.EntrySet;1.0;1.0
org.apache.commons.collections4.map.Flat3Map.EntrySetIterator;0.0;0.0
org.apache.commons.collections4.map.Flat3Map.FlatMapEntry;1.0;1.0
org.apache.commons.collections4.map.Flat3Map.FlatMapIterator;0.9642857142857143;1.0
org.apache.commons.collections4.map.Flat3Map.KeySet;1.0;1.0
org.apache.commons.collections4.map.Flat3Map.KeySetIterator;0.0;0.0
org.apache.commons.collections4.map.Flat3Map.Values;1.0;1.0
org.apache.commons.collections4.map.Flat3Map.ValuesIterator;0.0;0.0
org.apache.commons.collections4.map.SingletonMap;0.07671957671957676;0.1190476190476191
org.apache.commons.collections4.map.SingletonMap.SingletonMapIterator;0.5333333333333333;0.8
org.apache.commons.collections4.map.SingletonMap.SingletonValues;0.1;0.1
org.apache.commons.collections4.map.MultiKeyMap;0.0;0.0
org.apache.commons.collections4.map.AbstractMapDecorator;0.0;0.0
org.apache.commons.collections4.map.AbstractInputCheckedMapDecorator;0.0;0.0
org.apache.commons.collections4.map.AbstractInputCheckedMapDecorator.EntrySet;1.0;1.0
org.apache.commons.collections4.map.AbstractInputCheckedMapDecorator.EntrySetIterator;0.0;0.0
org.apache.commons.collections4.map.AbstractInputCheckedMapDecorator.MapEntry;0.0;0.0
org.apache.commons.collections4.BagUtils;0.0;0.0
org.apache.commons.collections4.BoundedMap;0.0;0.0
org.apache.commons.collections4.EnumerationUtils;0.0;0.0
org.apache.commons.collections4.FactoryUtils;0.0;0.0
org.apache.commons.collections4.SortedBidiMap;0.0;0.0
org.apache.commons.collections4.OrderedIterator;0.0;0.0
org.apache.commons.collections4.collection.TransformedCollection;0.3;0.3
org.apache.commons.collections4.collection.IndexedCollection;0.23333333333333334;0.3
org.apache.commons.collections4.collection.UnmodifiableBoundedCollection;0.0;0.0
org.apache.commons.collections4.collection.UnmodifiableCollection;0.0;0.0
org.apache.commons.collections4.collection.SynchronizedCollection;0.6862745098039216;0.6862745098039216
org.apache.commons.collections4.collection.CompositeCollection;0.6608187134502924;0.7953216374269005
org.apache.commons.collections4.collection.CompositeCollection.CollectionMutator;0.0;0.0
org.apache.commons.collections4.collection.PredicatedCollection;0.2;0.2
org.apache.commons.collections4.collection.PredicatedCollection.Builder;0.5714285714285714;0.75
org.apache.commons.collections4.collection.AbstractCollectionDecorator;0.008333333333333333;0.008333333333333333
org.apache.commons.collections4.properties.OrderedPropertiesFactory;0.0;0.0
org.apache.commons.collections4.properties.OrderedProperties;0.8571428571428571;0.8571428571428571
org.apache.commons.collections4.properties.SortedPropertiesFactory;0.0;0.0
org.apache.commons.collections4.properties.AbstractPropertiesFactory;0.0;0.0
org.apache.commons.collections4.properties.AbstractPropertiesFactory.PropertyFormat;0.0;0.0
org.apache.commons.collections4.properties.PropertiesFactory;0.0;0.0
org.apache.commons.collections4.properties.PropertiesFactory.EmptyProperties;0.0;0.0
org.apache.commons.collections4.properties.SortedProperties;0.0;0.0
org.apache.commons.collections4.Bag;0.0;0.0
org.apache.commons.collections4.bidimap.UnmodifiableBidiMap;0.0;0.0
org.apache.commons.collections4.bidimap.AbstractBidiMapDecorator;0.0;0.0
org.apache.commons.collections4.bidimap.DualTreeBidiMap;0.0;0.0
org.apache.commons.collections4.bidimap.DualTreeBidiMap.BidiOrderedMapIterator;0.8222222222222222;1.0
org.apache.commons.collections4.bidimap.DualTreeBidiMap.ViewMap;0.0;0.0
org.apache.commons.collections4.bidimap.AbstractOrderedBidiMapDecorator;0.0;0.0
org.apache.commons.collections4.bidimap.DualLinkedHashBidiMap;0.0;0.0
org.apache.commons.collections4.bidimap.UnmodifiableOrderedBidiMap;0.0;0.0
org.apache.commons.collections4.bidimap.TreeBidiMap;0.06195596518177163;0.09728622631848437
org.apache.commons.collections4.bidimap.TreeBidiMap.AbstractView;0.0;0.0
org.apache.commons.collections4.bidimap.TreeBidiMap.AbstractViewIterator;0.9;1.0
org.apache.commons.collections4.bidimap.TreeBidiMap.DataElement;0.0;0.0
org.apache.commons.collections4.bidimap.TreeBidiMap.EntryView;0.0;0.0
org.apache.commons.collections4.bidimap.TreeBidiMap.Inverse;0.0;0.0
org.apache.commons.collections4.bidimap.TreeBidiMap.InverseEntryView;0.0;0.0
org.apache.commons.collections4.bidimap.TreeBidiMap.InverseViewMapEntryIterator;0.0;0.0
org.apache.commons.collections4.bidimap.TreeBidiMap.InverseViewMapIterator;0.0;0.0
org.apache.commons.collections4.bidimap.TreeBidiMap.KeyView;0.0;0.0
org.apache.commons.collections4.bidimap.TreeBidiMap.Node;0.12105263157894737;0.12105263157894737
org.apache.commons.collections4.bidimap.TreeBidiMap.ValueView;0.0;0.0
org.apache.commons.collections4.bidimap.TreeBidiMap.ViewMapEntryIterator;0.0;0.0
org.apache.commons.collections4.bidimap.TreeBidiMap.ViewMapIterator;0.0;0.0
org.apache.commons.collections4.bidimap.AbstractSortedBidiMapDecorator;0.0;0.0
org.apache.commons.collections4.bidimap.DualHashBidiMap;0.0;0.0
org.apache.commons.collections4.bidimap.UnmodifiableSortedBidiMap;0.0;0.0
org.apache.commons.collections4.bidimap.AbstractDualBidiMap;0.3043478260869565;0.35968379446640314
org.apache.commons.collections4.bidimap.AbstractDualBidiMap.BidiMapIterator;0.8571428571428571;1.0
org.apache.commons.collections4.bidimap.AbstractDualBidiMap.EntrySet;0.0;0.0
org.apache.commons.collections4.bidimap.AbstractDualBidiMap.EntrySetIterator;1.0;1.0
org.apache.commons.collections4.bidimap.AbstractDualBidiMap.KeySet;0.0;0.0
org.apache.commons.collections4.bidimap.AbstractDualBidiMap.KeySetIterator;1.0;1.0
org.apache.commons.collections4.bidimap.AbstractDualBidiMap.MapEntry;0.0;0.0
org.apache.commons.collections4.bidimap.AbstractDualBidiMap.Values;0.0;0.0
org.apache.commons.collections4.bidimap.AbstractDualBidiMap.ValuesIterator;1.0;1.0
org.apache.commons.collections4.bidimap.AbstractDualBidiMap.View;0.4;0.4
org.apache.commons.collections4.SetValuedMap;0.0;0.0
org.apache.commons.collections4.MultiSet;0.0;0.0
org.apache.commons.collections4.MultiSet.Entry;0.0;0.0
org.apache.commons.collections4.set.TransformedSortedSet;0.0;0.0
org.apache.commons.collections4.set.TransformedNavigableSet;0.0;0.0
org.apache.commons.collections4.set.MapBackedSet;1.0;1.0
org.apache.commons.collections4.set.TransformedSet;0.0;0.0
org.apache.commons.collections4.set.UnmodifiableSet;0.0;0.0
org.apache.commons.collections4.set.AbstractSetDecorator;0.0;0.0
org.apache.commons.collections4.set.UnmodifiableNavigableSet;0.0;0.0
org.apache.commons.collections4.set.UnmodifiableSortedSet;0.0;0.0
org.apache.commons.collections4.set.PredicatedSortedSet;0.0;0.0
org.apache.commons.collections4.set.AbstractNavigableSetDecorator;0.0;0.0
org.apache.commons.collections4.set.ListOrderedSet;0.7252747252747253;0.7252747252747253
org.apache.commons.collections4.set.ListOrderedSet.OrderedSetIterator;0.5;0.5
org.apache.commons.collections4.set.AbstractSerializableSetDecorator;0.0;0.0
org.apache.commons.collections4.set.AbstractSortedSetDecorator;0.0;0.0
org.apache.commons.collections4.set.PredicatedNavigableSet;0.0;0.0
org.apache.commons.collections4.set.CompositeSet;0.4666666666666667;0.5714285714285714
org.apache.commons.collections4.set.CompositeSet.SetMutator;0.0;0.0
org.apache.commons.collections4.set.PredicatedSet;0.0;0.0
org.apache.commons.collections4.MultiMapUtils;0.01818181818181818;0.01818181818181818
org.apache.commons.collections4.comparators.BooleanComparator;0.5714285714285714;1.0
org.apache.commons.collections4.comparators.ComparatorChain;0.6363636363636364;1.0
org.apache.commons.collections4.comparators.FixedOrderComparator;0.5555555555555556;0.7777777777777778
org.apache.commons.collections4.comparators.FixedOrderComparator.UnknownObjectBehavior;0.0;0.0
org.apache.commons.collections4.comparators.NullComparator;1.0;1.0
org.apache.commons.collections4.comparators.TransformingComparator;1.0;1.0
org.apache.commons.collections4.comparators.ReverseComparator;1.0;1.0
org.apache.commons.collections4.comparators.ComparableComparator;0.0;0.0
org.apache.commons.collections4.Put;0.0;0.0
org.apache.commons.collections4.functors.InvokerTransformer;0.0;0.0
org.apache.commons.collections4.functors.NullPredicate;0.3333333333333333;0.3333333333333333
org.apache.commons.collections4.functors.IdentityPredicate;0.3333333333333333;0.3333333333333333
org.apache.commons.collections4.functors.ExceptionFactory;0.3333333333333333;0.3333333333333333
org.apache.commons.collections4.functors.StringValueTransformer;0.3333333333333333;0.3333333333333333
org.apache.commons.collections4.functors.ExceptionTransformer;0.3333333333333333;0.3333333333333333
org.apache.commons.collections4.functors.TruePredicate;0.3333333333333333;0.3333333333333333
org.apache.commons.collections4.functors.IfClosure;0.3;0.6
org.apache.commons.collections4.functors.SwitchTransformer;0.3;0.6
org.apache.commons.collections4.functors.ChainedTransformer;0.3333333333333333;0.3333333333333333
org.apache.commons.collections4.functors.NOPTransformer;0.3333333333333333;0.3333333333333333
org.apache.commons.collections4.functors.MapTransformer;0.3333333333333333;0.3333333333333333
org.apache.commons.collections4.functors.AbstractQuantifierPredicate;0.0;0.0
org.apache.commons.collections4.functors.NullIsExceptionPredicate;0.3333333333333333;0.3333333333333333
org.apache.commons.collections4.functors.ClosureTransformer;0.3333333333333333;0.3333333333333333
org.apache.commons.collections4.functors.AllPredicate;0.0;0.0
org.apache.commons.collections4.functors.TransformerPredicate;0.3333333333333333;0.3333333333333333
org.apache.commons.collections4.functors.PredicateTransformer;0.3333333333333333;0.3333333333333333
org.apache.commons.collections4.functors.TransformedPredicate;0.3333333333333333;0.5
org.apache.commons.collections4.functors.TransformerClosure;0.3333333333333333;0.3333333333333333
org.apache.commons.collections4.functors.ConstantTransformer;0.06666666666666667;0.06666666666666667
org.apache.commons.collections4.functors.CloneTransformer;0.0;0.0
org.apache.commons.collections4.functors.ExceptionClosure;0.3333333333333333;0.3333333333333333
org.apache.commons.collections4.functors.AnyPredicate;0.0;0.0
org.apache.commons.collections4.functors.UniquePredicate;0.0;0.0
org.apache.commons.collections4.functors.OrPredicate;0.3333333333333333;0.3333333333333333
org.apache.commons.collections4.functors.AndPredicate;0.3333333333333333;0.3333333333333333
org.apache.commons.collections4.functors.SwitchClosure;0.3;0.6
org.apache.commons.collections4.functors.ForClosure;0.3333333333333333;0.5
org.apache.commons.collections4.functors.NullIsTruePredicate;0.3333333333333333;0.3333333333333333
org.apache.commons.collections4.functors.OnePredicate;0.0;0.0
org.apache.commons.collections4.functors.DefaultEquator;0.16666666666666666;0.16666666666666666
org.apache.commons.collections4.functors.ComparatorPredicate;1.0;1.0
org.apache.commons.collections4.functors.ComparatorPredicate.Criterion;0.0;0.0
org.apache.commons.collections4.functors.ConstantFactory;0.3333333333333333;0.3333333333333333
org.apache.commons.collections4.functors.PredicateDecorator;0.0;0.0
org.apache.commons.collections4.functors.FalsePredicate;0.3333333333333333;0.3333333333333333
org.apache.commons.collections4.functors.ExceptionPredicate;0.3333333333333333;0.3333333333333333
org.apache.commons.collections4.functors.NullIsFalsePredicate;0.3333333333333333;0.3333333333333333
org.apache.commons.collections4.functors.AbstractPredicate;0.0;0.0
org.apache.commons.collections4.functors.NonePredicate;0.0;0.0
org.apache.commons.collections4.functors.WhileClosure;0.3;0.6
org.apache.commons.collections4.functors.NotPredicate;0.3333333333333333;0.3333333333333333
org.apache.commons.collections4.functors.PrototypeFactory;0.0;0.0
org.apache.commons.collections4.functors.PrototypeFactory.PrototypeCloneFactory;1.0;1.0
org.apache.commons.collections4.functors.PrototypeFactory.PrototypeSerializationFactory;0.0;0.0
org.apache.commons.collections4.functors.InstantiateFactory;0.3333333333333333;0.3333333333333333
org.apache.commons.collections4.functors.CatchAndRethrowClosure;0.0;0.0
org.apache.commons.collections4.functors.InstantiateTransformer;0.0;0.0
org.apache.commons.collections4.functors.ChainedClosure;0.3333333333333333;0.3333333333333333
org.apache.commons.collections4.functors.NotNullPredicate;0.3333333333333333;0.3333333333333333
org.apache.commons.collections4.functors.IfTransformer;0.3;0.6
org.apache.commons.collections4.functors.InstanceofPredicate;0.3333333333333333;0.3333333333333333
org.apache.commons.collections4.functors.FunctorUtils;0.0;0.0
org.apache.commons.collections4.functors.NOPClosure;0.3333333333333333;0.3333333333333333
org.apache.commons.collections4.functors.EqualPredicate;0.6666666666666666;1.0
org.apache.commons.collections4.functors.FactoryTransformer;0.3333333333333333;0.3333333333333333
org.apache.commons.collections4.ArrayUtils;0.0;0.0
org.apache.commons.collections4.MultiSetUtils;0.0;0.0
org.apache.commons.collections4.MultiMap;0.0;0.0
org.apache.commons.collections4.OrderedMap;0.0;0.0
org.apache.commons.collections4.Trie;0.0;0.0
org.apache.commons.collections4.SortedBag;0.0;0.0
org.apache.commons.collections4.TransformerUtils;0.0;0.0
org.apache.commons.collections4.ClosureUtils;0.0;0.0
org.apache.commons.collections4.SetUtils;0.0;0.0
org.apache.commons.collections4.SetUtils.SetView;0.0;0.0
org.apache.commons.collections4.bag.AbstractMapBag;0.4473684210526316;0.4789473684210526
org.apache.commons.collections4.bag.AbstractMapBag.BagIterator;1.0;1.0
org.apache.commons.collections4.bag.AbstractMapBag.MutableInteger;1.0;1.0
org.apache.commons.collections4.bag.UnmodifiableBag;0.0;0.0
org.apache.commons.collections4.bag.HashBag;0.0;0.0
org.apache.commons.collections4.bag.CollectionBag;0.0;0.0
org.apache.commons.collections4.bag.TransformedSortedBag;0.0;0.0
org.apache.commons.collections4.bag.CollectionSortedBag;0.0;0.0
org.apache.commons.collections4.bag.UnmodifiableSortedBag;0.0;0.0
org.apache.commons.collections4.bag.AbstractSortedBagDecorator;0.0;0.0
org.apache.commons.collections4.bag.SynchronizedSortedBag;0.0;0.0
org.apache.commons.collections4.bag.PredicatedSortedBag;0.0;0.0
org.apache.commons.collections4.bag.AbstractBagDecorator;0.0;0.0
org.apache.commons.collections4.bag.SynchronizedBag;0.0;0.0
org.apache.commons.collections4.bag.SynchronizedBag.SynchronizedBagSet;0.0;0.0
org.apache.commons.collections4.bag.TransformedBag;0.0;0.0
org.apache.commons.collections4.bag.TreeBag;0.0;0.0
org.apache.commons.collections4.bag.PredicatedBag;0.0;0.0
org.apache.commons.collections4.MapIterator;0.0;0.0
org.apache.commons.collections4.multiset.UnmodifiableMultiSet;0.0;0.0
org.apache.commons.collections4.multiset.PredicatedMultiSet;0.0;0.0
org.apache.commons.collections4.multiset.AbstractMultiSetDecorator;0.0;0.0
org.apache.commons.collections4.multiset.HashMultiSet;0.0;0.0
org.apache.commons.collections4.multiset.AbstractMultiSet;0.0;0.0
org.apache.commons.collections4.multiset.AbstractMultiSet.AbstractEntry;0.0;0.0
org.apache.commons.collections4.multiset.AbstractMultiSet.EntrySet;1.0;1.0
org.apache.commons.collections4.multiset.AbstractMultiSet.MultiSetIterator;1.0;1.0
org.apache.commons.collections4.multiset.AbstractMultiSet.UniqueSet;1.0;1.0
org.apache.commons.collections4.multiset.AbstractMapMultiSet;0.7320261437908496;0.7843137254901961
org.apache.commons.collections4.multiset.AbstractMapMultiSet.EntrySetIterator;1.0;1.0
org.apache.commons.collections4.multiset.AbstractMapMultiSet.MapBasedMultiSetIterator;1.0;1.0
org.apache.commons.collections4.multiset.AbstractMapMultiSet.MultiSetEntry;1.0;1.0
org.apache.commons.collections4.multiset.AbstractMapMultiSet.MutableInteger;1.0;1.0
org.apache.commons.collections4.multiset.AbstractMapMultiSet.UniqueSetIterator;1.0;1.0
org.apache.commons.collections4.multiset.SynchronizedMultiSet;0.0;0.0
org.apache.commons.collections4.multiset.SynchronizedMultiSet.SynchronizedSet;0.0;0.0
org.apache.commons.collections4.ListValuedMap;0.0;0.0
org.apache.commons.collections4.splitmap.TransformedSplitMap;0.08888888888888889;0.13333333333333333
org.apache.commons.collections4.splitmap.AbstractIterableGetMapDecorator;0.0;0.0
org.apache.commons.collections4.OrderedMapIterator;0.0;0.0
org.apache.commons.collections4.iterators.PushbackIterator;0.5;0.6
org.apache.commons.collections4.iterators.EntrySetMapIterator;0.8571428571428571;1.0
org.apache.commons.collections4.iterators.PermutationIterator;0.3333333333333333;0.3333333333333333
org.apache.commons.collections4.iterators.UnmodifiableMapIterator;0.47619047619047616;0.47619047619047616
org.apache.commons.collections4.iterators.FilterListIterator;0.25735294117647056;0.6691176470588235
org.apache.commons.collections4.iterators.AbstractEmptyMapIterator;0.0;0.0
org.apache.commons.collections4.iterators.AbstractMapIteratorDecorator;1.0;1.0
org.apache.commons.collections4.iterators.UnmodifiableOrderedMapIterator;0.5833333333333334;0.5833333333333334
org.apache.commons.collections4.iterators.IteratorIterable;1.0;1.0
org.apache.commons.collections4.iterators.EmptyIterator;0.0;0.0
org.apache.commons.collections4.iterators.SkippingIterator;1.0;1.0
org.apache.commons.collections4.iterators.AbstractListIteratorDecorator;1.0;1.0
org.apache.commons.collections4.iterators.ReverseListIterator;1.0;1.0
org.apache.commons.collections4.iterators.SingletonIterator;1.0;1.0
org.apache.commons.collections4.iterators.NodeListIterator;0.3333333333333333;0.3333333333333333
org.apache.commons.collections4.iterators.AbstractUntypedIteratorDecorator;1.0;1.0
org.apache.commons.collections4.iterators.EmptyOrderedIterator;0.0;0.0
org.apache.commons.collections4.iterators.EnumerationIterator;0.7;1.0
org.apache.commons.collections4.iterators.ListIteratorWrapper;1.0;1.0
org.apache.commons.collections4.iterators.LazyIteratorChain;0.6;0.6
org.apache.commons.collections4.iterators.IteratorChain;0.3333333333333333;0.5
org.apache.commons.collections4.iterators.EmptyMapIterator;0.0;0.0
org.apache.commons.collections4.iterators.ArrayIterator;0.21428571428571427;0.5357142857142857
org.apache.commons.collections4.iterators.CollatingIterator;0.4166666666666667;0.875
org.apache.commons.collections4.iterators.BoundedIterator;0.9;1.0
org.apache.commons.collections4.iterators.LoopingListIterator;0.696969696969697;0.8333333333333334
org.apache.commons.collections4.iterators.LoopingIterator;0.8;1.0
org.apache.commons.collections4.iterators.TransformIterator;0.4642857142857143;0.4642857142857143
org.apache.commons.collections4.iterators.EmptyOrderedMapIterator;0.0;0.0
org.apache.commons.collections4.iterators.AbstractOrderedMapIteratorDecorator;1.0;1.0
org.apache.commons.collections4.iterators.PeekingIterator;0.8095238095238095;1.0
org.apache.commons.collections4.iterators.AbstractEmptyIterator;0.0;0.0
org.apache.commons.collections4.iterators.ObjectArrayIterator;0.2857142857142857;0.7142857142857143
org.apache.commons.collections4.iterators.FilterIterator;0.7142857142857143;1.0
org.apache.commons.collections4.iterators.IteratorEnumeration;1.0;1.0
org.apache.commons.collections4.iterators.AbstractIteratorDecorator;0.0;0.0
org.apache.commons.collections4.iterators.SingletonListIterator;0.7111111111111111;0.8
org.apache.commons.collections4.iterators.ZippingIterator;0.6666666666666666;1.0
org.apache.commons.collections4.iterators.CartesianProductIterator;0.3333333333333333;0.3333333333333333
org.apache.commons.collections4.iterators.UnmodifiableListIterator;0.509090909090909;0.509090909090909
org.apache.commons.collections4.iterators.ObjectGraphIterator;0.7333333333333333;1.0
org.apache.commons.collections4.iterators.UniqueFilterIterator;0.0;0.0
org.apache.commons.collections4.iterators.EmptyListIterator;0.0;0.0
org.apache.commons.collections4.iterators.ObjectArrayListIterator;0.21428571428571427;0.21428571428571427
org.apache.commons.collections4.iterators.UnmodifiableIterator;0.5;0.5
org.apache.commons.collections4.iterators.ArrayListIterator;0.21428571428571427;0.21428571428571427
org.apache.commons.collections4.CollectionUtils;0.0;0.0
org.apache.commons.collections4.CollectionUtils.CardinalityHelper;0.0;0.0
org.apache.commons.collections4.CollectionUtils.EquatorWrapper;1.0;1.0
org.apache.commons.collections4.CollectionUtils.SetOperationCardinalityHelper;0.3333333333333333;0.3333333333333333
org.apache.commons.collections4.multimap.AbstractMultiValuedMapDecorator;0.004761904761904762;0.004761904761904762
org.apache.commons.collections4.multimap.AbstractMultiValuedMap;0.04615384615384614;0.04615384615384614
org.apache.commons.collections4.multimap.AbstractMultiValuedMap.AsMap;0.4666666666666667;0.4666666666666667
org.apache.commons.collections4.multimap.AbstractMultiValuedMap.AsMap.AsMapEntrySet;0.0;0.0
org.apache.commons.collections4.multimap.AbstractMultiValuedMap.AsMap.AsMapEntrySetIterator;0.0;0.0
org.apache.commons.collections4.multimap.AbstractMultiValuedMap.EntryValues;0.0;0.0
org.apache.commons.collections4.multimap.AbstractMultiValuedMap.KeysMultiSet;0.0;0.0
org.apache.commons.collections4.multimap.AbstractMultiValuedMap.KeysMultiSet.MapEntryTransformer;0.0;0.0
org.apache.commons.collections4.multimap.AbstractMultiValuedMap.MultiValuedMapEntry;0.0;0.0
org.apache.commons.collections4.multimap.AbstractMultiValuedMap.MultiValuedMapIterator;0.6;1.0
org.apache.commons.collections4.multimap.AbstractMultiValuedMap.Values;0.0;0.0
org.apache.commons.collections4.multimap.AbstractMultiValuedMap.ValuesIterator;1.0;1.0
org.apache.commons.collections4.multimap.AbstractMultiValuedMap.WrappedCollection;0.3076923076923077;0.3076923076923077
org.apache.commons.collections4.multimap.UnmodifiableMultiValuedMap;0.0;0.0
org.apache.commons.collections4.multimap.TransformedMultiValuedMap;0.5333333333333333;0.6666666666666666
org.apache.commons.collections4.multimap.ArrayListValuedHashMap;0.0;0.0
org.apache.commons.collections4.multimap.AbstractSetValuedMap;0.0;0.0
org.apache.commons.collections4.multimap.AbstractSetValuedMap.WrappedSet;0.0;0.0
org.apache.commons.collections4.multimap.AbstractListValuedMap;0.0;0.0
org.apache.commons.collections4.multimap.AbstractListValuedMap.ValuesListIterator;1.0;1.0
org.apache.commons.collections4.multimap.AbstractListValuedMap.WrappedList;0.0;0.0
org.apache.commons.collections4.multimap.HashSetValuedHashMap;0.0;0.0
org.apache.commons.collections4.KeyValue;0.0;0.0
org.apache.commons.collections4.IterableUtils;0.0;0.0
org.apache.commons.collections4.IterableUtils.UnmodifiableIterable;0.0;0.0
org.apache.commons.collections4.ListUtils;0.0;0.0
org.apache.commons.collections4.ListUtils.CharSequenceAsList;1.0;1.0
org.apache.commons.collections4.ListUtils.LcsVisitor;0.16666666666666666;0.16666666666666666
org.apache.commons.collections4.ListUtils.Partition;1.0;1.0
org.apache.commons.collections4.BidiMap;0.0;0.0
org.apache.commons.collections4.IterableMap;0.0;0.0
org.apache.commons.collections4.OrderedBidiMap;0.0;0.0
org.apache.commons.collections4.sequence.EditCommand;0.0;0.0
org.apache.commons.collections4.sequence.SequencesComparator;1.0;1.0
org.apache.commons.collections4.sequence.SequencesComparator.Snake;0.0;0.0
org.apache.commons.collections4.sequence.CommandVisitor;0.0;0.0
org.apache.commons.collections4.sequence.DeleteCommand;0.0;0.0
org.apache.commons.collections4.sequence.KeepCommand;0.0;0.0
org.apache.commons.collections4.sequence.InsertCommand;0.0;0.0
org.apache.commons.collections4.sequence.EditScript;0.5;1.0
org.apache.commons.collections4.sequence.ReplacementsHandler;0.0;0.0
org.apache.commons.collections4.sequence.ReplacementsFinder;0.6666666666666666;1.0
org.apache.commons.collections4.FunctorException;0.0;0.0
org.apache.commons.collections4.SplitMapUtils;0.0;0.0
org.apache.commons.collections4.SplitMapUtils.WrappedGet;0.6285714285714286;0.6285714285714286
org.apache.commons.collections4.SplitMapUtils.WrappedPut;0.10989010989010989;0.10989010989010989
org.apache.commons.collections4.queue.TransformedQueue;0.0;0.0
org.apache.commons.collections4.queue.AbstractQueueDecorator;0.0;0.0
org.apache.commons.collections4.queue.CircularFifoQueue;0.3790849673202614;0.43137254901960786
org.apache.commons.collections4.queue.UnmodifiableQueue;0.0;0.0
org.apache.commons.collections4.queue.SynchronizedQueue;0.0;0.0
org.apache.commons.collections4.queue.PredicatedQueue;0.0;0.0
org.apache.commons.collections4.FluentIterable;0.7207977207977206;0.7207977207977206
org.apache.commons.collections4.Factory;0.0;0.0
org.apache.commons.collections4.ArrayStack;0.0;0.0
org.apache.commons.collections4.IterableSortedMap;0.0;0.0
